{
  "task_type": "classification",
  "algorithm": "catboost",
  "metrics": {
    "best_iteration": 0,
    "train_auc": 0.7995308513068246,
    "val_auc": 0.7963902840117872,
    "threshold": {
      "value": 0.47000000000000003,
      "f1": 0.6533333333333333
    }
  }
}