{
  "task_type": "classification",
  "algorithm": "catboost",
  "metrics": {
    "best_iteration": 1,
    "train_auc": 0.6388864035569134,
    "val_auc": 0.6327626353877815,
    "threshold": {
      "value": 0.53,
      "f1": 0.07449856733524356
    }
  }
}