{
  "task_type": "regression",
  "algorithm": "catboost",
  "metrics": {
    "train_rmse": 0.8521506335914897,
    "val_rmse": 0.852262548218684,
    "train_mae": 0.7138217840984401,
    "val_mae": 0.7138487288261194,
    "train_r2": -0.15713357250828364,
    "val_r2": -0.16634374932552465
  }
}