{
  "task_type": "regression",
  "algorithm": "catboost",
  "metrics": {
    "train_rmse": 43.30693120052092,
    "val_rmse": 43.299551814032085,
    "train_mae": 42.75223056741689,
    "val_mae": 42.744219032151484,
    "train_r2": -725.6748069437431,
    "val_r2": -720.7459487932399
  }
}