{
  "task_type": "regression",
  "algorithm": "catboost",
  "metrics": {
    "train": {
      "mae": 26.672465267948688,
      "mse": 1262.1099448521265,
      "rmse": 35.52618674797686,
      "r2": 0.12938571739671723,
      "median_ae": 20.45021055040141,
      "explained_variance": 0.16175719465157168,
      "residual_mean": 6.850416229865629,
      "residual_std": 34.860118563849255
    },
    "val": {
      "mae": 26.926263665821686,
      "mse": 1309.6885262101528,
      "rmse": 36.18961903930674,
      "r2": 0.11882077059137364,
      "median_ae": 20.340209940049846,
      "explained_variance": 0.1520803310603499,
      "residual_mean": 7.030887329354773,
      "residual_std": 35.50389035699965
    },
    "test": {
      "mae": 26.466273880744605,
      "mse": 1230.7737684711756,
      "rmse": 35.08238544442461,
      "r2": 0.14646602776689888,
      "median_ae": 20.525001525878906,
      "explained_variance": 0.17389715520197668,
      "residual_mean": 6.2892743353163665,
      "residual_std": 34.51626460515468
    }
  }
}