{
  "task_type": "regression",
  "algorithm": "catboost",
  "metrics": {
    "train": {
      "mae": 34.45405555636838,
      "mse": 2664.323215649073,
      "rmse": 51.6170825952908,
      "r2": 0.0009734567864918553,
      "median_ae": 24.437829838069646,
      "explained_variance": 0.07907836785592293,
      "residual_mean": 14.43258460494207,
      "residual_std": 49.558591296762074
    },
    "val": {
      "mae": 34.65417302650884,
      "mse": 2336.782590959414,
      "rmse": 48.340279177508,
      "r2": 0.010728979658688687,
      "median_ae": 24.503586424682425,
      "explained_variance": 0.0966150136133036,
      "residual_mean": 14.24337094403661,
      "residual_std": 46.1958648440437
    },
    "test": {
      "mae": 34.37465079933634,
      "mse": 2274.5415570102045,
      "rmse": 47.69215404036815,
      "r2": 0.0038925654285044686,
      "median_ae": 24.503586424682425,
      "explained_variance": 0.0954569357466577,
      "residual_mean": 14.459627458065505,
      "residual_std": 45.44829192175455
    }
  }
}