{
  "task_type": "classification",
  "algorithm": "catboost",
  "metrics": {
    "train": {
      "positive_rate": 0.37397047102136866,
      "predicted_positive_rate": 0.8634379625763844,
      "threshold": 0.43,
      "accuracy": 0.47348844270694956,
      "f1": 0.5745046316176922,
      "precision": 0.4116664468767858,
      "recall": 0.9504719374809703,
      "balanced_accuracy": 0.5695126754217026,
      "specificity": 0.18855341336243484,
      "roc_auc": 0.6953258369106255,
      "pr_auc": 0.5355276799273385,
      "log_loss": 0.6594658079917094,
      "brier_score": 0.2332288410970439,
      "ece": 0.16930198472810437
    },
    "val": {
      "positive_rate": 0.3739784946236559,
      "predicted_positive_rate": 0.8746236559139785,
      "threshold": 0.43,
      "accuracy": 0.46580645161290324,
      "f1": 0.5721667240785394,
      "precision": 0.4084091467912466,
      "recall": 0.9551466359976998,
      "balanced_accuracy": 0.5643132699054112,
      "specificity": 0.17347990381312264,
      "roc_auc": 0.6904995803232133,
      "pr_auc": 0.5297387882153498,
      "log_loss": 0.6604588727484636,
      "brier_score": 0.23372143222939085,
      "ece": 0.16601846553621497
    },
    "test": {
      "positive_rate": 0.37393548387096776,
      "predicted_positive_rate": 0.8676129032258064,
      "threshold": 0.43,
      "accuracy": 0.47174193548387094,
      "f1": 0.5745167324880482,
      "precision": 0.41106484235574065,
      "recall": 0.9537612146307799,
      "balanced_accuracy": 0.5688014646937906,
      "specificity": 0.1838417147568013,
      "roc_auc": 0.6944448355946081,
      "pr_auc": 0.534414140491326,
      "log_loss": 0.6595834225330184,
      "brier_score": 0.2332869376397901,
      "ece": 0.16945039606173323
    }
  }
}