{
  "task_type": "classification",
  "algorithm": "catboost",
  "metrics": {
    "train": {
      "accuracy": 0.8448651778125423,
      "f1": 0.7670193873020571,
      "roc_auc": 0.9239805173202068
    },
    "val": {
      "accuracy": 0.8431632581838486,
      "f1": 0.7649335704571608,
      "roc_auc": 0.9249513674154163
    },
    "test": {
      "accuracy": 0.8462601557919424,
      "f1": 0.7685517937078369,
      "roc_auc": 0.9244322999031233
    }
  }
}