{
  "task_type": "regression",
  "algorithm": "catboost",
  "metrics": {
    "train": {
      "mae": 0.7138217840984401,
      "mse": 0.7261607023303772,
      "rmse": 0.8521506335914897,
      "r2": -0.15713357250828364,
      "median_ae": 0.8969183094634448,
      "explained_variance": 0.05033869150412418,
      "residual_mean": -0.3608316690797802,
      "residual_std": 0.7719899935565341
    },
    "val": {
      "mae": 0.7138487288261194,
      "mse": 0.7263514510962047,
      "rmse": 0.852262548218684,
      "r2": -0.16634374932552465,
      "median_ae": 0.8969183094634448,
      "explained_variance": 0.0482814554858495,
      "residual_mean": -0.3655951977327899,
      "residual_std": 0.7698915340713804
    },
    "test": {
      "mae": 0.7128333277732556,
      "mse": 0.7275463504032144,
      "rmse": 0.8529632761163956,
      "r2": -0.1453456212896478,
      "median_ae": 0.8969183094634448,
      "explained_variance": 0.05051326217659191,
      "residual_mean": -0.35272292764146745,
      "residual_std": 0.7766325693477132
    }
  }
}