{
  "task_type": "classification",
  "algorithm": "catboost",
  "metrics": {
    "train": {
      "positive_rate": 0.011549656105745166,
      "predicted_positive_rate": 0.06310598617007471,
      "threshold": 0.53,
      "accuracy": 0.9300532062809366,
      "f1": 0.06307424882046188,
      "precision": 0.0373090481786134,
      "recall": 0.20385232744783308,
      "balanced_accuracy": 0.5711954536447688,
      "specificity": 0.9385385798417045,
      "roc_auc": 0.6928998407266808,
      "pr_auc": 0.02273941992105727,
      "log_loss": 0.6434742475146509,
      "brier_score": 0.22759453881693445,
      "ece": 0.4567430869188359
    },
    "val": {
      "positive_rate": 0.011555835697026999,
      "predicted_positive_rate": 0.06177119445319887,
      "threshold": 0.53,
      "accuracy": 0.9321357285429142,
      "f1": 0.07449856733524356,
      "precision": 0.04421768707482993,
      "recall": 0.23636363636363636,
      "balanced_accuracy": 0.5883167953313558,
      "specificity": 0.9402699542990753,
      "roc_auc": 0.7013860037295047,
      "pr_auc": 0.02556893576342293,
      "log_loss": 0.6463387834220073,
      "brier_score": 0.22888003639843818,
      "ece": 0.45860610111007233
    },
    "test": {
      "positive_rate": 0.011534098071347535,
      "predicted_positive_rate": 0.06863733770326484,
      "threshold": 0.53,
      "accuracy": 0.9248707928904576,
      "f1": 0.06289308176100629,
      "precision": 0.03673094582185491,
      "recall": 0.2185792349726776,
      "balanced_accuracy": 0.5758457610813142,
      "specificity": 0.9331122871899509,
      "roc_auc": 0.7217996305909187,
      "pr_auc": 0.02555009077545721,
      "log_loss": 0.6447861049857208,
      "brier_score": 0.22825075500174252,
      "ece": 0.4574937000266757
    }
  }
}