{
  "task_type": "classification",
  "algorithm": "catboost",
  "metrics": {
    "train": {
      "positive_rate": 0.03190401694977889,
      "predicted_positive_rate": 0.13089269656693067,
      "threshold": 0.55,
      "accuracy": 0.8780502827016173,
      "f1": 0.25090799031476996,
      "precision": 0.15603237342367776,
      "recall": 0.6401544401544401,
      "balanced_accuracy": 0.7630223410198216,
      "specificity": 0.8858902418852032,
      "roc_auc": 0.8349167128836557,
      "pr_auc": 0.1442613356224278,
      "log_loss": 0.631276672380867,
      "brier_score": 0.21917374156716493,
      "ece": 0.43673704244610695
    },
    "val": {
      "positive_rate": 0.031897815313743284,
      "predicted_positive_rate": 0.13080198227123613,
      "threshold": 0.55,
      "accuracy": 0.8769456271375724,
      "f1": 0.24367224367224366,
      "precision": 0.15154749199573106,
      "recall": 0.6214442013129103,
      "balanced_accuracy": 0.7534041482411704,
      "specificity": 0.8853640951694304,
      "roc_auc": 0.8325294742206074,
      "pr_auc": 0.14103920684557095,
      "log_loss": 0.6315755861186927,
      "brier_score": 0.21932201865264206,
      "ece": 0.4368441223197511
    },
    "test": {
      "positive_rate": 0.03191355697952004,
      "predicted_positive_rate": 0.13117225782133435,
      "threshold": 0.55,
      "accuracy": 0.8788792561879634,
      "f1": 0.2573189522342065,
      "precision": 0.15996168582375478,
      "recall": 0.65748031496063,
      "balanced_accuracy": 0.7718290607898542,
      "specificity": 0.8861778066190785,
      "roc_auc": 0.8399010311900501,
      "pr_auc": 0.15678944798761849,
      "log_loss": 0.6309473743296263,
      "brier_score": 0.2190098426307443,
      "ece": 0.43666585726814655
    }
  }
}