{
  "task_type": "regression",
  "algorithm": "catboost",
  "metrics": {
    "train_rmse": 0.8591904766541064,
    "val_rmse": 0.8684169902100881,
    "train_mae": 0.7139309763736681,
    "val_mae": 0.7220760879142815,
    "train_r2": -0.12182991417302125,
    "val_r2": -0.1228654973491321
  }
}