{
  "task_type": "classification",
  "algorithm": "catboost",
  "metrics": {
    "best_iteration": 9,
    "train_auc": 0.9223658848815293,
    "val_auc": 0.9204179827252796,
    "threshold": {
      "value": 0.36,
      "f1": 0.7932142857142858
    }
  }
}