{
  "task_type": "classification",
  "algorithm": "catboost",
  "metrics": {
    "train": {
      "positive_rate": 0.011549656105745166,
      "predicted_positive_rate": 0.26289835190300515,
      "threshold": 0.5,
      "accuracy": 0.7362303257262565,
      "f1": 0.03890840313428803,
      "precision": 0.020308863972921514,
      "recall": 0.4622792937399679,
      "balanced_accuracy": 0.6008553151246072,
      "specificity": 0.7394313365092464,
      "roc_auc": 0.6388864035569134,
      "pr_auc": 0.016650187244845505,
      "log_loss": 0.6555705996797097,
      "brier_score": 0.2331414906908485,
      "ece": 0.4643605500931578
    },
    "val": {
      "positive_rate": 0.011555835697026999,
      "predicted_positive_rate": 0.2641033722029625,
      "threshold": 0.5,
      "accuracy": 0.734846097279126,
      "f1": 0.038109756097560975,
      "precision": 0.01988862370723946,
      "recall": 0.45454545454545453,
      "balanced_accuracy": 0.59633426409917,
      "specificity": 0.7381230736528855,
      "roc_auc": 0.6327626353877815,
      "pr_auc": 0.016339699582185112,
      "log_loss": 0.6582428877920601,
      "brier_score": 0.23436963794903543,
      "ece": 0.4659788689206348
    },
    "test": {
      "positive_rate": 0.011534098071347535,
      "predicted_positive_rate": 0.26736417496533466,
      "threshold": 0.5,
      "accuracy": 0.7306819614269507,
      "f1": 0.034350282485875704,
      "precision": 0.017916077322017915,
      "recall": 0.41530054644808745,
      "balanced_accuracy": 0.5748312972628118,
      "specificity": 0.7343620480775361,
      "roc_auc": 0.6191487145072683,
      "pr_auc": 0.01538930718789505,
      "log_loss": 0.6555117861879323,
      "brier_score": 0.23316770230738695,
      "ece": 0.46419975626336846
    }
  }
}