{
  "task_type": "classification",
  "algorithm": "catboost",
  "metrics": {
    "train": {
      "positive_rate": 0.07679358320542655,
      "predicted_positive_rate": 0.21906718819626678,
      "threshold": 0.49,
      "accuracy": 0.7811803733227707,
      "f1": 0.26039661952974646,
      "precision": 0.1758390778619053,
      "recall": 0.501611863313991,
      "balanced_accuracy": 0.6530235654658554,
      "specificity": 0.8044352676177197,
      "roc_auc": 0.7018475328411747,
      "pr_auc": 0.13562813714960037,
      "log_loss": 0.6242961141515145,
      "brier_score": 0.21833431729912306,
      "ece": 0.382675320111179
    },
    "val": {
      "positive_rate": 0.07686912610464301,
      "predicted_positive_rate": 0.2192453359517464,
      "threshold": 0.49,
      "accuracy": 0.7815962968158227,
      "f1": 0.26243486499289437,
      "precision": 0.17722328854766475,
      "recall": 0.5054744525547445,
      "balanced_accuracy": 0.6550317103983265,
      "specificity": 0.8045889682419085,
      "roc_auc": 0.7039865094937094,
      "pr_auc": 0.13619244731111882,
      "log_loss": 0.6247980628249892,
      "brier_score": 0.2185649035469278,
      "ece": 0.3830732079234664
    },
    "test": {
      "positive_rate": 0.07676121538591028,
      "predicted_positive_rate": 0.2207726622338187,
      "threshold": 0.49,
      "accuracy": 0.7827623937379008,
      "f1": 0.2698727015558699,
      "precision": 0.18185284025924514,
      "recall": 0.5230263157894737,
      "balanced_accuracy": 0.6636920256128516,
      "specificity": 0.8043577354362293,
      "roc_auc": 0.7084518391543633,
      "pr_auc": 0.13973061133014864,
      "log_loss": 0.6248734222418922,
      "brier_score": 0.21858705152245855,
      "ece": 0.3831694638867912
    }
  }
}