{
  "task_type": "classification",
  "algorithm": "catboost",
  "metrics": {
    "train": {
      "positive_rate": 0.011549656105745166,
      "predicted_positive_rate": 0.04510483676609629,
      "threshold": 0.65,
      "accuracy": 0.9506127064755937,
      "f1": 0.12827225130890052,
      "precision": 0.08055898068228524,
      "recall": 0.3146067415730337,
      "balanced_accuracy": 0.6363254646384993,
      "specificity": 0.9580441877039649,
      "roc_auc": 0.8030052068942535,
      "pr_auc": 0.07576257785760362,
      "log_loss": 0.5670438464655101,
      "brier_score": 0.1977415762595416,
      "ece": 0.39931843285944213
    },
    "val": {
      "positive_rate": 0.011555835697026999,
      "predicted_positive_rate": 0.04233637987183528,
      "threshold": 0.65,
      "accuracy": 0.9543019224708478,
      "f1": 0.15204678362573099,
      "precision": 0.0967741935483871,
      "recall": 0.35454545454545455,
      "balanced_accuracy": 0.6579295452129972,
      "specificity": 0.9613136358805399,
      "roc_auc": 0.8159088493608634,
      "pr_auc": 0.11590124665394816,
      "log_loss": 0.5665812938603764,
      "brier_score": 0.19759539791890987,
      "ece": 0.3994361219845448
    },
    "test": {
      "positive_rate": 0.011534098071347535,
      "predicted_positive_rate": 0.045190974410689526,
      "threshold": 0.65,
      "accuracy": 0.9505861590823144,
      "f1": 0.1288888888888889,
      "precision": 0.08089260808926081,
      "recall": 0.31693989071038253,
      "balanced_accuracy": 0.6374599345154285,
      "specificity": 0.9579799783204744,
      "roc_auc": 0.7932610543106611,
      "pr_auc": 0.06926830952080312,
      "log_loss": 0.5704478602516484,
      "brier_score": 0.19910921230343873,
      "ece": 0.4014114662673988
    }
  }
}