{
  "task_type": "classification",
  "algorithm": "catboost",
  "metrics": {
    "train": {
      "positive_rate": 0.12494302854116111,
      "predicted_positive_rate": 0.16814279203261848,
      "threshold": 0.43,
      "accuracy": 0.8040304997474779,
      "f1": 0.3313579624259236,
      "precision": 0.2887912087912088,
      "recall": 0.38864241348713396,
      "balanced_accuracy": 0.6259915803464274,
      "specificity": 0.8633407472057208,
      "roc_auc": 0.6776425919286909,
      "pr_auc": 0.26754342566691647,
      "log_loss": 0.5672679207359317,
      "brier_score": 0.18785126325302007,
      "ece": 0.28851570891028017
    },
    "val": {
      "positive_rate": 0.12493892650240804,
      "predicted_positive_rate": 0.17575207649891814,
      "threshold": 0.43,
      "accuracy": 0.7959098206184128,
      "f1": 0.3212627669452182,
      "precision": 0.2748212867355044,
      "recall": 0.3865921787709497,
      "balanced_accuracy": 0.6204716497268643,
      "specificity": 0.854351120682779,
      "roc_auc": 0.6758620628191948,
      "pr_auc": 0.25724316242691425,
      "log_loss": 0.5682633941555634,
      "brier_score": 0.18833823990115808,
      "ece": 0.28867053945238846
    },
    "test": {
      "positive_rate": 0.12493194287389538,
      "predicted_positive_rate": 0.17343049796875654,
      "threshold": 0.43,
      "accuracy": 0.8008124973824182,
      "f1": 0.3323975294778215,
      "precision": 0.2859212750543347,
      "recall": 0.3969158565202816,
      "balanced_accuracy": 0.6276959870329942,
      "specificity": 0.8584761175457069,
      "roc_auc": 0.6880720913612735,
      "pr_auc": 0.2695618062732847,
      "log_loss": 0.5677142994270494,
      "brier_score": 0.18806835959591495,
      "ece": 0.28885136084585683
    }
  }
}