{
  "task_type": "classification",
  "algorithm": "catboost",
  "metrics": {
    "best_iteration": 0,
    "train_auc": 0.6495528116775363,
    "val_auc": 0.6211788619862963,
    "threshold": {
      "value": 0.5,
      "f1": 0.038965904833270885
    }
  }
}