{
  "task_type": "regression",
  "algorithm": "catboost",
  "metrics": {
    "train_rmse": 0.8133107487237705,
    "val_rmse": 0.8137523046306366,
    "train_mae": 0.6815285747531676,
    "val_mae": 0.6819632795392414,
    "train_r2": -0.05405622066980653,
    "val_r2": -0.06332058325953538
  }
}