{
  "task_type": "regression",
  "algorithm": "catboost",
  "metrics": {
    "train": {
      "mae": 77.92246274171156,
      "mse": 13839.150872922022,
      "rmse": 117.63992040511597,
      "r2": -0.12036507313434841,
      "median_ae": 40.2285694412651,
      "explained_variance": 0.1352333772673463,
      "residual_mean": 56.1893553496094,
      "residual_std": 103.35427060093257
    },
    "val": {
      "mae": 77.73021816766018,
      "mse": 13831.614592938036,
      "rmse": 117.60788490972038,
      "r2": -0.13015968211815254,
      "median_ae": 39.89708171806282,
      "explained_variance": 0.13320653214555944,
      "residual_mean": 56.773617191126725,
      "residual_std": 103.00235697695291
    },
    "test": {
      "mae": 77.02002321235783,
      "mse": 13612.815327342332,
      "rmse": 116.67397022190653,
      "r2": -0.1153745787317404,
      "median_ae": 39.59646359942256,
      "explained_variance": 0.13236244559906374,
      "residual_mean": 54.98687818928934,
      "residual_std": 102.90736618286851
    }
  }
}