{
  "task_type": "classification",
  "algorithm": "catboost",
  "metrics": {
    "train": {
      "positive_rate": 0.37039455044899666,
      "predicted_positive_rate": 0.2867419716436112,
      "threshold": 0.47000000000000003,
      "accuracy": 0.7738510242544437,
      "f1": 0.6558569366599809,
      "precision": 0.7515250451069679,
      "recall": 0.5817952043632978,
      "balanced_accuracy": 0.7343159775142518,
      "specificity": 0.8868367506652058,
      "roc_auc": 0.7995308513068246,
      "pr_auc": 0.7157183371512617,
      "log_loss": 0.5875942952693191,
      "brier_score": 0.20003903035437115,
      "ece": 0.19450464216128904
    },
    "val": {
      "positive_rate": 0.37041948768060307,
      "predicted_positive_rate": 0.2891742863125567,
      "threshold": 0.47000000000000003,
      "accuracy": 0.7713408250157047,
      "f1": 0.6533333333333333,
      "precision": 0.7451122375090514,
      "recall": 0.5816845675522895,
      "balanced_accuracy": 0.7323056984102911,
      "specificity": 0.8829268292682927,
      "roc_auc": 0.7963902840117872,
      "pr_auc": 0.712438215362112,
      "log_loss": 0.5879984146165333,
      "brier_score": 0.20024203870609136,
      "ece": 0.19213160639418822
    },
    "test": {
      "positive_rate": 0.3703982912426184,
      "predicted_positive_rate": 0.2877664698245173,
      "threshold": 0.47000000000000003,
      "accuracy": 0.7766469824517318,
      "f1": 0.6606426980591791,
      "precision": 0.7554941056614758,
      "recall": 0.586951605608322,
      "balanced_accuracy": 0.7375987323591401,
      "specificity": 0.8882458591099581,
      "roc_auc": 0.803454411451147,
      "pr_auc": 0.7176769176416071,
      "log_loss": 0.5886760569186997,
      "brier_score": 0.20049394313722071,
      "ece": 0.1983334805160331
    }
  }
}