{
  "task_type": "classification",
  "algorithm": "catboost",
  "metrics": {
    "train": {
      "positive_rate": 0.37039455044899666,
      "predicted_positive_rate": 0.3058597455069536,
      "threshold": 0.45,
      "accuracy": 0.7886328081693993,
      "f1": 0.6874442157416346,
      "precision": 0.7599677809101892,
      "recall": 0.6275566197745186,
      "balanced_accuracy": 0.7554749760321959,
      "specificity": 0.8833933322898733,
      "roc_auc": 0.8294935939481937,
      "pr_auc": 0.7682870284092707,
      "log_loss": 0.5379207648333488,
      "brier_score": 0.1792232301963877,
      "ece": 0.14504229498180674
    },
    "val": {
      "positive_rate": 0.37041948768060307,
      "predicted_positive_rate": 0.3091365952397571,
      "threshold": 0.45,
      "accuracy": 0.7865568507014727,
      "f1": 0.6859079704190633,
      "precision": 0.7538947843757056,
      "recall": 0.6291690220463538,
      "balanced_accuracy": 0.7541632249921348,
      "specificity": 0.8791574279379157,
      "roc_auc": 0.8291217577754686,
      "pr_auc": 0.7688849452423482,
      "log_loss": 0.5381780337025092,
      "brier_score": 0.17934085132637398,
      "ece": 0.1453962078651717
    },
    "test": {
      "positive_rate": 0.3703982912426184,
      "predicted_positive_rate": 0.3077438539179964,
      "threshold": 0.45,
      "accuracy": 0.7921011852410269,
      "f1": 0.6934288537549407,
      "precision": 0.7640174197060424,
      "recall": 0.6347806422433289,
      "balanced_accuracy": 0.7597172019837678,
      "specificity": 0.8846537617242067,
      "roc_auc": 0.835082109273664,
      "pr_auc": 0.7728667427972803,
      "log_loss": 0.5387196563897858,
      "brier_score": 0.17945342571063394,
      "ece": 0.14507022210834444
    }
  }
}