{
  "task_type": "classification",
  "algorithm": "catboost",
  "metrics": {
    "train": {
      "positive_rate": 0.12494302854116111,
      "predicted_positive_rate": 0.1688941993816287,
      "threshold": 0.37,
      "accuracy": 0.8031066382527932,
      "f1": 0.32992370252368575,
      "precision": 0.28699584275399315,
      "recall": 0.38795228236222024,
      "balanced_accuracy": 0.6251678977057871,
      "specificity": 0.8623835130493539,
      "roc_auc": 0.6963761477850603,
      "pr_auc": 0.28386027990069107,
      "log_loss": 0.4910010923406146,
      "brier_score": 0.15241065744214025,
      "ece": 0.22121422504642513
    },
    "val": {
      "positive_rate": 0.12493892650240804,
      "predicted_positive_rate": 0.17456550568856005,
      "threshold": 0.37,
      "accuracy": 0.7966776017309974,
      "f1": 0.32113726404101606,
      "precision": 0.27548980407836865,
      "recall": 0.38491620111731845,
      "balanced_accuracy": 0.6201920081920643,
      "specificity": 0.8554678152668103,
      "roc_auc": 0.6886960073044124,
      "pr_auc": 0.2714225348991165,
      "log_loss": 0.49236493193504066,
      "brier_score": 0.1530453013052431,
      "ece": 0.2215664287936546
    },
    "test": {
      "positive_rate": 0.12493194287389538,
      "predicted_positive_rate": 0.17259287180131508,
      "threshold": 0.37,
      "accuracy": 0.8026552749507895,
      "f1": 0.3367117117117117,
      "precision": 0.2902208201892745,
      "recall": 0.40093865236339254,
      "balanced_accuracy": 0.6304731550320839,
      "specificity": 0.8600076577007754,
      "roc_auc": 0.7079409432879292,
      "pr_auc": 0.288755138046653,
      "log_loss": 0.49101435172981583,
      "brier_score": 0.15241591545495364,
      "ece": 0.22138074277805503
    }
  }
}