{
  "task_type": "classification",
  "algorithm": "catboost",
  "metrics": {
    "train": {
      "positive_rate": 0.02562058545447804,
      "predicted_positive_rate": 0.03687362117869524,
      "threshold": 0.56,
      "accuracy": 0.9669453662334773,
      "f1": 0.47107683180065263,
      "precision": 0.3991955756661639,
      "recall": 0.5745296671490593,
      "balanced_accuracy": 0.7758966568588387,
      "specificity": 0.9772636465686181,
      "roc_auc": 0.9140847475412442,
      "pr_auc": 0.3270915166761428,
      "log_loss": 0.6044893104867234,
      "brier_score": 0.20593061780002678,
      "ece": 0.4290152042782191
    },
    "val": {
      "positive_rate": 0.025632944637041705,
      "predicted_positive_rate": 0.039605000525265256,
      "threshold": 0.56,
      "accuracy": 0.9641769093392163,
      "f1": 0.45088566827697263,
      "precision": 0.3713527851458886,
      "recall": 0.5737704918032787,
      "balanced_accuracy": 0.7741089655781892,
      "specificity": 0.9744474393530997,
      "roc_auc": 0.89945848614732,
      "pr_auc": 0.30249861111566695,
      "log_loss": 0.6045475437278803,
      "brier_score": 0.2059593132986352,
      "ece": 0.4287968555285623
    },
    "test": {
      "positive_rate": 0.02558931047523005,
      "predicted_positive_rate": 0.03340476490608849,
      "threshold": 0.56,
      "accuracy": 0.9679818479768058,
      "f1": 0.45726495726495725,
      "precision": 0.4037735849056604,
      "recall": 0.5270935960591133,
      "balanced_accuracy": 0.7533268756492203,
      "specificity": 0.9795601552393273,
      "roc_auc": 0.8974075000477955,
      "pr_auc": 0.31703958093770945,
      "log_loss": 0.603443192304163,
      "brier_score": 0.20541048521408845,
      "ece": 0.4282225578188911
    }
  }
}