{
  "task_type": "classification",
  "algorithm": "catboost",
  "metrics": {
    "train": {
      "positive_rate": 0.010113203828482034,
      "predicted_positive_rate": 0.17260196351363002,
      "threshold": 0.5,
      "accuracy": 0.8252669959719638,
      "f1": 0.043686374974718535,
      "precision": 0.02312303739651727,
      "recall": 0.3946406820950061,
      "balanced_accuracy": 0.6121535914208232,
      "specificity": 0.8296665007466402,
      "roc_auc": 0.6495528116775363,
      "pr_auc": 0.02178743413134498,
      "log_loss": 0.6804862627112448,
      "brier_score": 0.24373315225406178,
      "ece": 0.4831026355481518
    },
    "val": {
      "positive_rate": 0.010120751029524673,
      "predicted_positive_rate": 0.17617086619669156,
      "threshold": 0.5,
      "accuracy": 0.8209674042018567,
      "f1": 0.038965904833270885,
      "precision": 0.020602218700475437,
      "recall": 0.3586206896551724,
      "balanced_accuracy": 0.5921576160164171,
      "specificity": 0.8256945423776618,
      "roc_auc": 0.6211788619862963,
      "pr_auc": 0.015461182027860308,
      "log_loss": 0.6803889976459906,
      "brier_score": 0.24368726909392366,
      "ece": 0.48298805366149933
    },
    "test": {
      "positive_rate": 0.010093395317669724,
      "predicted_positive_rate": 0.1746031746031746,
      "threshold": 0.5,
      "accuracy": 0.8228420655861289,
      "f1": 0.04081632653061224,
      "precision": 0.021587910769968816,
      "recall": 0.37344398340248963,
      "balanced_accuracy": 0.6004341257340761,
      "specificity": 0.8274242680656625,
      "roc_auc": 0.6376152595134084,
      "pr_auc": 0.016996802750829897,
      "log_loss": 0.6803328254610028,
      "brier_score": 0.24365916182217023,
      "ece": 0.4830004318364605
    }
  }
}