{
  "task_type": "regression",
  "algorithm": "catboost",
  "metrics": {
    "train_rmse": 107.25913455043253,
    "val_rmse": 107.3148298779209,
    "train_mae": 107.16907522616027,
    "val_mae": 107.24402888488454,
    "train_r2": -60049.922941315424,
    "val_r2": -65528.14643019524
  }
}