{
  "task_type": "regression",
  "algorithm": "catboost",
  "metrics": {
    "train": {
      "mae": 0.6815285747531676,
      "mse": 0.6614743739896202,
      "rmse": 0.8133107487237705,
      "r2": -0.05405622066980653,
      "median_ae": 0.7914806845872506,
      "explained_variance": 0.09227704604196396,
      "residual_mean": -0.3030373489734684,
      "residual_std": 0.7547514532279846
    },
    "val": {
      "mae": 0.6819632795392414,
      "mse": 0.6621928132916725,
      "rmse": 0.8137523046306366,
      "r2": -0.06332058325953538,
      "median_ae": 0.7914806845872506,
      "explained_variance": 0.08891287629051148,
      "residual_mean": -0.30790389275017654,
      "residual_std": 0.7532779112611458
    },
    "test": {
      "mae": 0.681423701728599,
      "mse": 0.663952839524109,
      "rmse": 0.8148330132757932,
      "r2": -0.04523303164164538,
      "median_ae": 0.7914806845872506,
      "explained_variance": 0.09211572975194882,
      "residual_mean": -0.29537547088723126,
      "residual_std": 0.7594276298258062
    }
  }
}