{
  "task_type": "classification",
  "algorithm": "catboost",
  "metrics": {
    "best_iteration": 0,
    "train_auc": 0.6776425919286909,
    "val_auc": 0.6758620628191948,
    "threshold": {
      "value": 0.43,
      "f1": 0.3212627669452182
    }
  }
}