{
  "task_type": "classification",
  "algorithm": "catboost",
  "metrics": {
    "train": {
      "positive_rate": 0.02562058545447804,
      "predicted_positive_rate": 0.027233458779036355,
      "threshold": 0.62,
      "accuracy": 0.9724328432917447,
      "f1": 0.47842862153630306,
      "precision": 0.46426140231449964,
      "recall": 0.4934876989869754,
      "balanced_accuracy": 0.7392570251627356,
      "specificity": 0.9850263513384958,
      "roc_auc": 0.9199997252071679,
      "pr_auc": 0.33785673205569655,
      "log_loss": 0.5545928628876693,
      "brier_score": 0.18173926403704477,
      "ece": 0.40036458457176527
    },
    "val": {
      "positive_rate": 0.025632944637041705,
      "predicted_positive_rate": 0.029940119760479042,
      "threshold": 0.62,
      "accuracy": 0.972160941275344,
      "f1": 0.499054820415879,
      "precision": 0.4631578947368421,
      "recall": 0.5409836065573771,
      "balanced_accuracy": 0.7622438248420309,
      "specificity": 0.9835040431266846,
      "roc_auc": 0.9049849763598604,
      "pr_auc": 0.3321559946430281,
      "log_loss": 0.5561953382232685,
      "brier_score": 0.18253428353286083,
      "ece": 0.40089574316032117
    },
    "test": {
      "positive_rate": 0.02558931047523005,
      "predicted_positive_rate": 0.025400226900289927,
      "threshold": 0.62,
      "accuracy": 0.9724568259170553,
      "f1": 0.45982694684796044,
      "precision": 0.46153846153846156,
      "recall": 0.458128078817734,
      "balanced_accuracy": 0.7220459281540157,
      "specificity": 0.9859637774902975,
      "roc_auc": 0.9123087389035108,
      "pr_auc": 0.3328366526346271,
      "log_loss": 0.5533016619450735,
      "brier_score": 0.18110196503821857,
      "ece": 0.39939245098513443
    }
  }
}