{
  "task_type": "regression",
  "algorithm": "catboost",
  "metrics": {
    "train": {
      "mae": 81.21125681474382,
      "mse": 14773.257100572991,
      "rmse": 121.54528826973504,
      "r2": -0.19598676420970973,
      "median_ae": 42.50976740824748,
      "explained_variance": 0.07272469338564469,
      "residual_mean": 57.612674114172215,
      "residual_std": 107.02452629992445
    },
    "val": {
      "mae": 80.95092088883814,
      "mse": 14748.2383044153,
      "rmse": 121.44232501239138,
      "r2": -0.20505557770752336,
      "median_ae": 42.562135216258625,
      "explained_variance": 0.07170748845896602,
      "residual_mean": 58.199680601968765,
      "residual_std": 106.59375741143677
    },
    "test": {
      "mae": 80.26499483293156,
      "mse": 14520.638459004618,
      "rmse": 120.50161185230934,
      "r2": -0.18975763754007846,
      "median_ae": 42.12082659278206,
      "explained_variance": 0.07113575629139646,
      "residual_mean": 56.428063529314414,
      "residual_std": 106.47641366261485
    }
  }
}