{
  "task_type": "classification",
  "algorithm": "catboost",
  "metrics": {
    "train": {
      "positive_rate": 0.37397047102136866,
      "predicted_positive_rate": 0.3069799218127301,
      "threshold": 0.48,
      "accuracy": 0.7158310244050556,
      "f1": 0.5826876985675269,
      "precision": 0.6462660731948566,
      "recall": 0.530498325383132,
      "balanced_accuracy": 0.678520655355565,
      "specificity": 0.8265429853279981,
      "roc_auc": 0.7080856444714876,
      "pr_auc": 0.5557546185842018,
      "log_loss": 0.6383489942442492,
      "brier_score": 0.22288050029245107,
      "ece": 0.15069980995896223
    },
    "val": {
      "positive_rate": 0.3739784946236559,
      "predicted_positive_rate": 0.3156989247311828,
      "threshold": 0.48,
      "accuracy": 0.7129032258064516,
      "f1": 0.5837231057062675,
      "precision": 0.6376021798365122,
      "recall": 0.5382403680276021,
      "balanced_accuracy": 0.6777426505201563,
      "specificity": 0.8172449330127104,
      "roc_auc": 0.7035105484165177,
      "pr_auc": 0.5513694294952663,
      "log_loss": 0.6396138060715001,
      "brier_score": 0.22350029968950885,
      "ece": 0.1485228042699927
    },
    "test": {
      "positive_rate": 0.37393548387096776,
      "predicted_positive_rate": 0.3130322580645161,
      "threshold": 0.48,
      "accuracy": 0.7148387096774194,
      "f1": 0.5848985725018783,
      "precision": 0.6417971970321517,
      "recall": 0.5372670807453416,
      "balanced_accuracy": 0.6790828396307087,
      "specificity": 0.8208985985160758,
      "roc_auc": 0.7054430536566992,
      "pr_auc": 0.5525519973924616,
      "log_loss": 0.639034742849358,
      "brier_score": 0.22321753418027349,
      "ece": 0.15003214540165458
    }
  }
}