{
  "task_type": "regression",
  "algorithm": "catboost",
  "metrics": {
    "train": {
      "mae": 0.7139309763736681,
      "mse": 0.7382082751731105,
      "rmse": 0.8591904766541064,
      "r2": -0.12182991417302125,
      "median_ae": 0.8933967484459727,
      "explained_variance": 0.04760023397450075,
      "residual_mean": -0.33390374623908753,
      "residual_std": 0.7916641199998656
    },
    "val": {
      "mae": 0.7220760879142815,
      "mse": 0.7541480688855483,
      "rmse": 0.8684169902100881,
      "r2": -0.1228654973491321,
      "median_ae": 0.8933967484459727,
      "explained_variance": 0.04628026595858059,
      "residual_mean": -0.3370505227944964,
      "residual_std": 0.8003966998850965
    },
    "test": {
      "mae": 0.7051115081938693,
      "mse": 0.7235633700335146,
      "rmse": 0.8506252817977576,
      "r2": -0.1287095685595392,
      "median_ae": 0.8933967484459727,
      "explained_variance": 0.04876089916751003,
      "residual_mean": -0.3372952536966424,
      "residual_std": 0.7809267644513237
    }
  }
}