{
  "task_type": "classification",
  "algorithm": "catboost",
  "metrics": {
    "best_iteration": 0,
    "train_auc": 0.8349167128836557,
    "val_auc": 0.8325294742206074,
    "threshold": {
      "value": 0.55,
      "f1": 0.24367224367224366
    }
  }
}