{
  "task_type": "regression",
  "algorithm": "catboost",
  "metrics": {
    "train": {
      "mae": 18.995131566823325,
      "mse": 661.1139109778534,
      "rmse": 25.71213548069964,
      "r2": 0.5447882109204909,
      "median_ae": 14.757264526515783,
      "explained_variance": 0.5584771150283319,
      "residual_mean": 4.458776853536328,
      "residual_std": 25.323063773356854
    },
    "val": {
      "mae": 18.75491453997333,
      "mse": 657.647523504995,
      "rmse": 25.6446392742225,
      "r2": 0.5579623959364679,
      "median_ae": 14.468952302951735,
      "explained_variance": 0.5716609290292962,
      "residual_mean": 4.514441379063409,
      "residual_std": 25.246869484335733
    },
    "test": {
      "mae": 18.785679655457255,
      "mse": 636.5973167207036,
      "rmse": 25.230880220886142,
      "r2": 0.555510846956702,
      "median_ae": 14.800287773472363,
      "explained_variance": 0.5705347556060132,
      "residual_mean": 4.638667948459925,
      "residual_std": 24.80240818545186
    }
  }
}