{
  "task_type": "classification",
  "algorithm": "catboost",
  "metrics": {
    "best_iteration": 9,
    "train_auc": 0.9148088963782113,
    "val_auc": 0.9158644483690327,
    "threshold": {
      "value": 0.36,
      "f1": 0.7918209060461837
    }
  }
}