{
  "task_type": "classification",
  "algorithm": "catboost",
  "metrics": {
    "best_iteration": 1,
    "train_auc": 0.6495528116775363,
    "val_auc": 0.6211788619862963,
    "threshold": {
      "value": 0.53,
      "f1": 0.056716417910447764
    }
  }
}