{
  "task_type": "classification",
  "algorithm": "catboost",
  "metrics": {
    "train": {
      "positive_rate": 0.010113203828482034,
      "predicted_positive_rate": 0.035722644461142386,
      "threshold": 0.53,
      "accuracy": 0.9571944174129414,
      "f1": 0.06611126041386724,
      "precision": 0.042413793103448276,
      "recall": 0.14981729598051158,
      "balanced_accuracy": 0.5576301512256963,
      "specificity": 0.965443006470881,
      "roc_auc": 0.7002712140677548,
      "pr_auc": 0.038853038395172235,
      "log_loss": 0.6699325896466445,
      "brier_score": 0.2386252593626754,
      "ece": 0.47697441447252087
    },
    "val": {
      "positive_rate": 0.010120751029524673,
      "predicted_positive_rate": 0.036644098555175544,
      "threshold": 0.53,
      "accuracy": 0.9558874851678649,
      "f1": 0.056716417910447764,
      "precision": 0.03619047619047619,
      "recall": 0.1310344827586207,
      "balanced_accuracy": 0.547677726501296,
      "specificity": 0.9643209702439712,
      "roc_auc": 0.6623702216019335,
      "pr_auc": 0.027405578300226725,
      "log_loss": 0.6695789078925806,
      "brier_score": 0.23845280010711614,
      "ece": 0.4766845055434533
    },
    "test": {
      "positive_rate": 0.010093395317669724,
      "predicted_positive_rate": 0.03597604389161117,
      "threshold": 0.53,
      "accuracy": 0.9566109645265318,
      "f1": 0.05818181818181818,
      "precision": 0.037252619324796274,
      "recall": 0.13278008298755187,
      "balanced_accuracy": 0.5488955415783926,
      "specificity": 0.9650110001692334,
      "roc_auc": 0.682916171898974,
      "pr_auc": 0.033974131198246764,
      "log_loss": 0.6692633717640737,
      "brier_score": 0.23829921650361763,
      "ece": 0.47657966990466727
    }
  }
}