{
  "task_type": "classification",
  "algorithm": "catboost",
  "metrics": {
    "best_iteration": 9.0,
    "train_auc": 0.8518541238345685,
    "val_auc": 0.824176195226767,
    "threshold": {
      "value": 0.32,
      "f1": 0.6696629213483146
    }
  }
}