{
  "task_type": "classification",
  "algorithm": "catboost",
  "metrics": {
    "train": {
      "accuracy": 0.7641477208031275,
      "f1": 0.6395591647331786,
      "roc_auc": 0.8435381796659716
    },
    "val": {
      "accuracy": 0.7612903225806451,
      "f1": 0.6414728682170543,
      "roc_auc": 0.8385640001667249
    },
    "test": {
      "accuracy": 0.7575483870967742,
      "f1": 0.6304818092428712,
      "roc_auc": 0.8370744357338858
    }
  }
}