{
  "task_type": "regression",
  "algorithm": "catboost",
  "metrics": {
    "train_rmse": 83.92354082287247,
    "val_rmse": 83.87195420739178,
    "train_mae": 83.48879797597948,
    "val_mae": 83.38441890522766,
    "train_r2": -13394.698470963303,
    "val_r2": -11849.516606082183
  }
}