{
  "task_type": "classification",
  "algorithm": "catboost",
  "metrics": {
    "train": {
      "positive_rate": 0.07679358320542655,
      "predicted_positive_rate": 0.21906718819626678,
      "threshold": 0.5,
      "accuracy": 0.7811803733227707,
      "f1": 0.26039661952974646,
      "precision": 0.1758390778619053,
      "recall": 0.501611863313991,
      "balanced_accuracy": 0.6530235654658554,
      "specificity": 0.8044352676177197,
      "roc_auc": 0.7018209076185689,
      "pr_auc": 0.13560538592980903,
      "log_loss": 0.6484267784802359,
      "brier_score": 0.22826025674402037,
      "ece": 0.3994093146998947
    },
    "val": {
      "positive_rate": 0.07686912610464301,
      "predicted_positive_rate": 0.2192453359517464,
      "threshold": 0.5,
      "accuracy": 0.7815962968158227,
      "f1": 0.26243486499289437,
      "precision": 0.17722328854766475,
      "recall": 0.5054744525547445,
      "balanced_accuracy": 0.6550317103983265,
      "specificity": 0.8045889682419085,
      "roc_auc": 0.7039865094937094,
      "pr_auc": 0.13619244731111882,
      "log_loss": 0.6487742029301627,
      "brier_score": 0.22842881435701937,
      "ece": 0.39959068298335687
    },
    "test": {
      "positive_rate": 0.07676121538591028,
      "predicted_positive_rate": 0.22060432623516538,
      "threshold": 0.5,
      "accuracy": 0.7829307297365542,
      "f1": 0.2700254741013303,
      "precision": 0.18199160625715377,
      "recall": 0.5230263157894737,
      "balanced_accuracy": 0.6637831916261618,
      "specificity": 0.8045400674628499,
      "roc_auc": 0.7084944232790016,
      "pr_auc": 0.13973061133014864,
      "log_loss": 0.648772684064254,
      "brier_score": 0.22842557588219375,
      "ece": 0.3996777653043805
    }
  }
}