{
  "task_type": "classification",
  "algorithm": "catboost",
  "metrics": {
    "best_iteration": 0,
    "train_auc": 0.9140847475412442,
    "val_auc": 0.89945848614732,
    "threshold": {
      "value": 0.56,
      "f1": 0.45088566827697263
    }
  }
}