{
  "task_type": "classification",
  "algorithm": "catboost",
  "metrics": {
    "best_iteration": 1,
    "train_auc": 0.8349167128836557,
    "val_auc": 0.8325294742206074,
    "threshold": {
      "value": 0.6,
      "f1": 0.38316920322291853
    }
  }
}