{
  "task_type": "classification",
  "algorithm": "catboost",
  "metrics": {
    "best_iteration": 1,
    "train_auc": 0.7995308513068246,
    "val_auc": 0.7963902840117872,
    "threshold": {
      "value": 0.45,
      "f1": 0.6859079704190633
    }
  }
}