{
  "task_type": "classification",
  "algorithm": "catboost",
  "metrics": {
    "best_iteration": 9,
    "train_auc": 0.9215023885031085,
    "val_auc": 0.9234890305323962,
    "threshold": {
      "value": 0.42,
      "f1": 0.789661490982737
    }
  }
}