{
  "model_name": "cancellation_city_hotel_online_ta_v1",
  "task": "binary_classification",
  "trained_on": "2026-01-21",
  "features_version": "v1",
  "metrics": {
    "train": {
      "accuracy": 0.7408152421436162,
      "f1": 0.5962754951226722,
      "roc_auc": 0.7757642876158028
    },
    "val": {
      "accuracy": 0.7359139784946237,
      "f1": 0.5881958417169685,
      "roc_auc": 0.772572319426877
    },
    "test": {
      "accuracy": 0.7260645161290322,
      "f1": 0.5803518481913421,
      "roc_auc": 0.7663986861337124
    }
  },
  "threshold": 0.48
}