{
  "task_type": "regression",
  "algorithm": "catboost",
  "metrics": {
    "train": {
      "mae": 78.87564982892965,
      "mse": 13944.790730684768,
      "rmse": 118.08806345556171,
      "r2": -0.21445114262893727,
      "median_ae": 38.93860794935122,
      "explained_variance": 0.07672263027188275,
      "residual_mean": 57.82186609653483,
      "residual_std": 102.96384376738935
    },
    "val": {
      "mae": 77.27476027289853,
      "mse": 13363.144261098954,
      "rmse": 115.59906686949923,
      "r2": -0.2017253060014712,
      "median_ae": 38.93860794935122,
      "explained_variance": 0.07724924171088798,
      "residual_mean": 55.69728377340413,
      "residual_std": 101.29991652773334
    },
    "test": {
      "mae": 78.58224259001037,
      "mse": 13776.83680505405,
      "rmse": 117.37477073483062,
      "r2": -0.2102053454688,
      "median_ae": 39.11770931537473,
      "explained_variance": 0.07641818235954423,
      "residual_mean": 57.12170237824702,
      "residual_std": 102.5396912361397
    }
  }
}