{
  "task_type": "classification",
  "algorithm": "catboost",
  "metrics": {
    "best_iteration": 1,
    "train_auc": 0.7018209076185689,
    "val_auc": 0.7039865094937094,
    "threshold": {
      "value": 0.49,
      "f1": 0.26243486499289437
    }
  }
}