{
  "task_type": "regression",
  "algorithm": "catboost",
  "metrics": {
    "train_rmse": 0.8253148804946636,
    "val_rmse": 0.8355181410998518,
    "train_mae": 0.6848955906776002,
    "val_mae": 0.6932295885067343,
    "train_r2": -0.035112274073536565,
    "val_r2": -0.03940040530641431
  }
}