{
  "task_type": "classification",
  "algorithm": "catboost",
  "metrics": {
    "best_iteration": 1,
    "train_auc": 0.6953258369106255,
    "val_auc": 0.6904995803232133,
    "threshold": {
      "value": 0.48,
      "f1": 0.5837231057062675
    }
  }
}