{
  "task_type": "classification",
  "algorithm": "catboost",
  "metrics": {
    "train": {
      "positive_rate": 0.03190401694977889,
      "predicted_positive_rate": 0.0486320690802035,
      "threshold": 0.6,
      "accuracy": 0.9506288417240487,
      "f1": 0.38696849189354543,
      "precision": 0.32041540020263426,
      "recall": 0.48841698841698844,
      "balanced_accuracy": 0.7271391096733693,
      "specificity": 0.9658612309297502,
      "roc_auc": 0.8827876166865364,
      "pr_auc": 0.27241427637848653,
      "log_loss": 0.5771750903072691,
      "brier_score": 0.19278206052835437,
      "ece": 0.406434435330725
    },
    "val": {
      "positive_rate": 0.031897815313743284,
      "predicted_positive_rate": 0.046066866755077825,
      "threshold": 0.6,
      "accuracy": 0.9519089830390173,
      "f1": 0.38316920322291853,
      "precision": 0.3242424242424242,
      "recall": 0.4682713347921225,
      "balanced_accuracy": 0.7180578014984405,
      "specificity": 0.9678442682047584,
      "roc_auc": 0.8878591295540491,
      "pr_auc": 0.2652953936131134,
      "log_loss": 0.576981263397018,
      "brier_score": 0.19268600674494799,
      "ece": 0.40635080315679667
    },
    "test": {
      "positive_rate": 0.03191355697952004,
      "predicted_positive_rate": 0.04916865602881434,
      "threshold": 0.6,
      "accuracy": 0.951585207521883,
      "f1": 0.40289256198347106,
      "precision": 0.3321976149914821,
      "recall": 0.5118110236220472,
      "balanced_accuracy": 0.7389468269743376,
      "specificity": 0.9660826303266278,
      "roc_auc": 0.8924199895194801,
      "pr_auc": 0.3005901987204792,
      "log_loss": 0.5761710049420623,
      "brier_score": 0.19228778068821778,
      "ece": 0.40622617404376793
    }
  }
}