{
  "task_type": "regression",
  "algorithm": "catboost",
  "metrics": {
    "train_rmse": 107.68172626955342,
    "val_rmse": 107.74906570643925,
    "train_mae": 107.43809298378774,
    "val_mae": 107.54507963328521,
    "train_r2": -60524.04599862408,
    "val_r2": -66059.53008341586
  }
}