{
  "task_type": "classification",
  "algorithm": "catboost",
  "metrics": {
    "train": {
      "accuracy": 0.8449144504255922,
      "f1": 0.766132927146413,
      "roc_auc": 0.9247194577158884
    },
    "val": {
      "accuracy": 0.8486773225378655,
      "f1": 0.7711148648648649,
      "roc_auc": 0.9270109644461034
    },
    "test": {
      "accuracy": 0.8455482033671162,
      "f1": 0.7696439725171768,
      "roc_auc": 0.9260998339027844
    }
  }
}