{
  "task_type": "regression",
  "algorithm": "catboost",
  "metrics": {
    "train": {
      "mae": 27.65975466906061,
      "mse": 1353.0405518894147,
      "rmse": 36.78369954054941,
      "r2": 0.06666100348779946,
      "median_ae": 21.346462204113735,
      "explained_variance": 0.1016248764689438,
      "residual_mean": 7.119433987493137,
      "residual_std": 36.08882991035356
    },
    "val": {
      "mae": 27.885163955468933,
      "mse": 1402.099177580257,
      "rmse": 37.444614800799556,
      "r2": 0.056645417494944894,
      "median_ae": 21.06156060403029,
      "explained_variance": 0.09281419298534188,
      "residual_mean": 7.331938077755481,
      "residual_std": 36.72372380311738
    },
    "test": {
      "mae": 27.501103166572957,
      "mse": 1324.562816172459,
      "rmse": 36.39454376925831,
      "r2": 0.08142390508997988,
      "median_ae": 21.314998626708984,
      "explained_variance": 0.11106742516376389,
      "residual_mean": 6.537980135800386,
      "residual_std": 35.80479086775906
    }
  }
}