{
  "task_type": "regression",
  "algorithm": "catboost",
  "metrics": {
    "train": {
      "mae": 75.6805290858619,
      "mse": 13099.196184016047,
      "rmse": 114.45171988229818,
      "r2": -0.14080835492163146,
      "median_ae": 37.131744369609414,
      "explained_variance": 0.13551315788263862,
      "residual_mean": 56.32786956456924,
      "residual_std": 99.63176988467487
    },
    "val": {
      "mae": 74.16351918259627,
      "mse": 12550.305046826124,
      "rmse": 112.0281439943826,
      "r2": -0.12862802931146566,
      "median_ae": 37.58282157713099,
      "explained_variance": 0.13587717529095344,
      "residual_mean": 54.23365025256385,
      "residual_std": 98.02901084249902
    },
    "test": {
      "mae": 75.38030543028562,
      "mse": 12939.8163944073,
      "rmse": 113.75331377330201,
      "r2": -0.1366785562961521,
      "median_ae": 37.370481051042894,
      "explained_variance": 0.13575582102225037,
      "residual_mean": 55.68986662369419,
      "residual_std": 99.19106418662064
    }
  }
}