{
  "task_type": "regression",
  "algorithm": "catboost",
  "metrics": {
    "train": {
      "mae": 0.6848955906776002,
      "mse": 0.6811446519659209,
      "rmse": 0.8253148804946636,
      "r2": -0.035112274073536565,
      "median_ae": 0.8164718618404422,
      "explained_variance": 0.08427577509006445,
      "residual_mean": -0.28028920660519785,
      "residual_std": 0.7762715572675289
    },
    "val": {
      "mae": 0.6932295885067343,
      "mse": 0.6980905641069519,
      "rmse": 0.8355181410998518,
      "r2": -0.03940040530641431,
      "median_ae": 0.8164718618404422,
      "explained_variance": 0.08144682641799261,
      "residual_mean": -0.28489366759625623,
      "residual_std": 0.7855015671254708
    },
    "test": {
      "mae": 0.6760852888095662,
      "mse": 0.6659574638583036,
      "rmse": 0.8160621691135447,
      "r2": -0.03884827900518828,
      "median_ae": 0.8164718618404422,
      "explained_variance": 0.08674028242461462,
      "residual_mean": -0.2837410855413475,
      "residual_std": 0.7651782409396791
    }
  }
}