{
  "task_type": "regression",
  "algorithm": "catboost",
  "metrics": {
    "train": {
      "mae": 33.28091967173845,
      "mse": 2514.13322384276,
      "rmse": 50.141133053040996,
      "r2": 0.05728936750566971,
      "median_ae": 23.18446767266093,
      "explained_variance": 0.12981971476400023,
      "residual_mean": 13.908004396868899,
      "residual_std": 48.17394757166684
    },
    "val": {
      "mae": 33.43701691480697,
      "mse": 2179.6364727476175,
      "rmse": 46.686577008253856,
      "r2": 0.07725639273832519,
      "median_ae": 23.45436098337227,
      "explained_variance": 0.15691176962869446,
      "residual_mean": 13.716997488740157,
      "residual_std": 44.62756395167042
    },
    "test": {
      "mae": 33.20869150098095,
      "mse": 2127.469836200635,
      "rmse": 46.124503641780635,
      "r2": 0.06830081247157149,
      "median_ae": 23.45436098337227,
      "explained_variance": 0.15363400584085707,
      "residual_mean": 13.958953044923597,
      "residual_std": 43.96246592297064
    }
  }
}